{"stats":{"minecraft:custom":{"minecraft:time_since_rest":3034,"minecraft:sprint_one_cm":61883,"minecraft:damage_taken":1365,"minecraft:walk_one_cm":24650,"minecraft:mob_kills":6,"minecraft:drop":6,"minecraft:damage_dealt":846,"minecraft:swim_one_cm":7681,"minecraft:interact_with_crafting_table":2,"minecraft:fly_one_cm":96297,"minecraft:play_time":122523,"minecraft:crouch_one_cm":10264,"minecraft:deaths":15,"minecraft:sneak_time":3215,"minecraft:walk_under_water_one_cm":264,"minecraft:jump":348,"minecraft:leave_game":2,"minecraft:time_since_death":0,"minecraft:walk_on_water_one_cm":1360,"minecraft:total_world_time":122523,"minecraft:fall_one_cm":14748},"minecraft:mined":{"minecraft:crafting_table":2,"minecraft:granite":5,"minecraft:grass":5,"minecraft:grass_block":7,"minecraft:oak_log":11,"minecraft:coal_ore":27,"minecraft:dirt":5,"minecraft:stone":85,"minecraft:sugar_cane":2,"minecraft:oak_leaves":5},"minecraft:picked_up":{"minecraft:crafting_table":2,"dedsafio_3:taxi":1,"minecraft:porkchop":6,"minecraft:oak_log":11,"dedsafio_3:tenedor":1,"minecraft:dirt":12,"minecraft:rotten_flesh":6,"modminds:bloqueador":127,"minecraft:granite":5,"minecraft:sugar_cane":6,"minecraft:coal":27,"minecraft:cobblestone":86},"minecraft:crafted":{"minecraft:wooden_sword":1,"minecraft:oak_planks":44,"minecraft:crafting_table":1,"minecraft:stick":16,"minecraft:wooden_pickaxe":1,"minecraft:stone_pickaxe":1,"minecraft:wooden_axe":1,"minecraft:stone_sword":1,"minecraft:torch":24,"minecraft:stone_axe":1},"minecraft:used":{"modminds:churro":1,"minecraft:wooden_axe":1,"minecraft:stone_sword":5,"modminds:corazon":1,"minecraft:stone_pickaxe":98,"dedsafio_3:sc_3":4,"dedsafio_3:altar_objects":1,"minecraft:wooden_pickaxe":24,"waterframes:big_tv":1,"dedsafio_3:batidora_legendaria":1,"minecraft:rotten_flesh":1,"minecraft:golden_apple":1,"minecraft:torch":9,"minecraft:oak_leaves":43,"minecraft:stone_axe":15,"waterframes:tv_box":1,"waterframes:tv":2,"minecraft:dirt":11,"minecraft:crafting_table":2,"minecraft:porkchop":5,"minecraft:birch_log":1,"dedsafio_3:manzana":10,"dedsafio_3:pildora":3,"modminds:pildora_del_experimento_110":1,"minecraft:milk_bucket":1,"minecraft:honey_bottle":2},"minecraft:killed":{"minecraft:zombie":2,"minecraft:pig":4},"minecraft:dropped":{"dedsafio_3:tenedor":1,"minecraft:wooden_axe":1,"dedsafio_3:taxi":1,"minecraft:rotten_flesh":2,"minecraft:wooden_sword":1,"minecraft:wooden_pickaxe":1}},"DataVersion":3465}