{"stats":{"minecraft:mined":{"minecraft:crafting_table":2,"minecraft:granite":5,"minecraft:grass":2,"minecraft:grass_block":7,"minecraft:oak_log":11,"minecraft:coal_ore":27,"minecraft:dirt":5,"minecraft:stone":85,"minecraft:sugar_cane":2,"minecraft:oak_leaves":5},"minecraft:used":{"minecraft:wooden_axe":1,"minecraft:stone_sword":5,"minecraft:stone_pickaxe":98,"dedsafio_3:sc_3":2,"dedsafio_3:altar_objects":1,"waterframes:big_tv":1,"minecraft:wooden_pickaxe":24,"dedsafio_3:batidora_legendaria":1,"minecraft:oak_leaves":43,"minecraft:torch":9,"minecraft:stone_axe":15,"waterframes:tv_box":1,"waterframes:tv":2,"minecraft:dirt":11,"minecraft:crafting_table":2,"minecraft:porkchop":5,"dedsafio_3:manzana":10,"modminds:pildora_del_experimento_110":1},"minecraft:dropped":{"dedsafio_3:tenedor":1,"minecraft:wooden_axe":1,"minecraft:rotten_flesh":2,"minecraft:wooden_sword":1,"minecraft:wooden_pickaxe":1},"minecraft:custom":{"minecraft:time_since_rest":4615,"minecraft:sprint_one_cm":55353,"minecraft:damage_taken":1205,"minecraft:walk_one_cm":19667,"minecraft:mob_kills":6,"minecraft:drop":5,"minecraft:damage_dealt":846,"minecraft:swim_one_cm":7681,"minecraft:interact_with_crafting_table":2,"minecraft:fly_one_cm":94760,"minecraft:play_time":102779,"minecraft:crouch_one_cm":10106,"minecraft:deaths":8,"minecraft:sneak_time":3172,"minecraft:walk_under_water_one_cm":264,"minecraft:jump":338,"minecraft:leave_game":2,"minecraft:time_since_death":420,"minecraft:walk_on_water_one_cm":1360,"minecraft:total_world_time":102779,"minecraft:fall_one_cm":14500},"minecraft:picked_up":{"minecraft:crafting_table":2,"minecraft:porkchop":6,"dedsafio_3:tenedor":1,"minecraft:oak_log":11,"minecraft:dirt":12,"minecraft:rotten_flesh":6,"modminds:bloqueador":63,"minecraft:granite":5,"minecraft:sugar_cane":6,"minecraft:coal":27,"minecraft:cobblestone":86},"minecraft:killed":{"minecraft:zombie":2,"minecraft:pig":4},"minecraft:crafted":{"minecraft:wooden_sword":1,"minecraft:oak_planks":44,"minecraft:crafting_table":1,"minecraft:stick":16,"minecraft:wooden_pickaxe":1,"minecraft:stone_pickaxe":1,"minecraft:wooden_axe":1,"minecraft:stone_sword":1,"minecraft:torch":24,"minecraft:stone_axe":1}},"DataVersion":3465}