{"stats":{"minecraft:dropped":{"minecraft:wooden_axe":1,"minecraft:wooden_sword":1,"minecraft:wooden_pickaxe":1},"minecraft:killed":{"minecraft:zombie":1,"minecraft:pig":4},"minecraft:used":{"minecraft:wooden_axe":1,"minecraft:stone_sword":5,"minecraft:stone_pickaxe":98,"minecraft:wooden_pickaxe":24,"minecraft:torch":9,"minecraft:stone_axe":15,"minecraft:dirt":4,"minecraft:crafting_table":2,"minecraft:porkchop":5},"minecraft:mined":{"minecraft:crafting_table":2,"minecraft:granite":5,"minecraft:grass":2,"minecraft:coal_ore":27,"minecraft:grass_block":2,"minecraft:oak_log":11,"minecraft:dirt":3,"minecraft:stone":85,"minecraft:sugar_cane":2,"minecraft:oak_leaves":5},"minecraft:crafted":{"minecraft:wooden_sword":1,"minecraft:oak_planks":44,"minecraft:crafting_table":1,"minecraft:stick":16,"minecraft:wooden_pickaxe":1,"minecraft:stone_pickaxe":1,"minecraft:wooden_axe":1,"minecraft:stone_sword":1,"minecraft:torch":24,"minecraft:stone_axe":1},"minecraft:picked_up":{"minecraft:crafting_table":2,"minecraft:porkchop":6,"minecraft:oak_log":11,"minecraft:dirt":5,"minecraft:rotten_flesh":2,"minecraft:granite":5,"minecraft:sugar_cane":6,"minecraft:coal":27,"minecraft:cobblestone":86},"minecraft:custom":{"minecraft:time_since_rest":29436,"minecraft:sprint_one_cm":41005,"minecraft:damage_taken":70,"minecraft:walk_one_cm":7934,"minecraft:mob_kills":5,"minecraft:drop":3,"minecraft:damage_dealt":650,"minecraft:swim_one_cm":7032,"minecraft:interact_with_crafting_table":2,"minecraft:fly_one_cm":49183,"minecraft:crouch_one_cm":9788,"minecraft:play_time":29436,"minecraft:sneak_time":2965,"minecraft:walk_under_water_one_cm":230,"minecraft:jump":210,"minecraft:leave_game":1,"minecraft:time_since_death":29436,"minecraft:walk_on_water_one_cm":995,"minecraft:total_world_time":29436,"minecraft:fall_one_cm":5057}},"DataVersion":3465}